<?xml version="1.0" encoding="UTF-8"?>
<web-app xmlns:xsi="http://www.w3.org/2001/XMLSchema-instance" xmlns="http://xmlns.jcp.org/xml/ns/javaee" xsi:schemaLocation="http://xmlns.jcp.org/xml/ns/javaee http://xmlns.jcp.org/xml/ns/javaee/web-app_3_1.xsd" id="WebApp_ID" version="3.1">
  <display-name>jspPro</display-name>
  <welcome-file-list>
    <welcome-file>index.html</welcome-file>
    <welcome-file>index.htm</welcome-file>
    <welcome-file>index.jsp</welcome-file>
    <welcome-file>default.html</welcome-file>
    <welcome-file>default.htm</welcome-file>
    <welcome-file>default.jsp</welcome-file>
  </welcome-file-list>
 
  <!-- p 271 -->
  <jsp-config>
    <!--   
    <jsp-property-group>
      <url-pattern>/oldversion/*</url-pattern>
      <el-ignored>true</el-ignored>    
    </jsp-property-group>
     -->
    <taglib>
      <taglib-uri>
        /WEB-INF/tlds/el-functions.tld
      </taglib-uri>
      <taglib-location>
        /WEB-INF/tlds/el-functions.tld
      </taglib-location>
    </taglib>
  </jsp-config>
  
  <filter>
    <filter-name>LoginCheckFilter</filter-name>
    <filter-class>board21.filter.LoginCheckFilter</filter-class>
  </filter>
  <filter-mapping>
    <filter-name>LoginCheckFilter</filter-name>
    <url-pattern>/board21/changePwd.do</url-pattern>
    <url-pattern>/board21/article/write.do</url-pattern>
  </filter-mapping>
  
  <!-- 
  <listener>
    <listener-class>com.util.DBCPInitListener</listener-class>
  </listener>
   -->
  <context-param>
    <param-name>poolConfig</param-name>
    <param-value>
       className=oracle.jdbc.driver.OracleDriver
	   url=jdbc:oracle:thin:@localhost:1521:xe
	   user=scott
	   password=tiger
    </param-value>
  </context-param>
  
  <filter>
    <filter-name>encodingFilter</filter-name>
    <filter-class>com.filter.CharacterEncodingFilter</filter-class>
  </filter>
  <filter-mapping>
    <filter-name>encodingFilter</filter-name>
    <url-pattern>/*</url-pattern>
  </filter-mapping>
  
  <resource-ref>
    <description>Oracle Datasource example</description>
    <res-ref-name>jdbc/myoracle</res-ref-name>
    <res-type>javax.sql.DataSource</res-type>
    <res-auth>Container</res-auth>
  </resource-ref>
  
  <servlet>
    <servlet-name>Controller</servlet-name>
    <servlet-class>board21.member.controller.ControllerUsingURI</servlet-class>
    <init-param>
      <param-name>configFile</param-name>
      <param-value>/WEB-INF/view/board21/commandHandlerURI.properties</param-value>
    </init-param>
    <load-on-startup>1</load-on-startup>
  </servlet>
  <servlet-mapping>
     <servlet-name>Controller</servlet-name>
     <url-pattern>*.do</url-pattern>
  </servlet-mapping>
  
</web-app>