<?xml version="1.0" encoding="UTF-8"?>
<web-app xmlns:xsi="http://www.w3.org/2001/XMLSchema-instance" xmlns="http://xmlns.jcp.org/xml/ns/javaee" xsi:schemaLocation="http://xmlns.jcp.org/xml/ns/javaee http://xmlns.jcp.org/xml/ns/javaee/web-app_3_1.xsd" id="WebApp_ID" version="3.1">
  <display-name>jspPro</display-name>
  <welcome-file-list>
    <welcome-file>index.html</welcome-file>
    <welcome-file>index.htm</welcome-file>
    <welcome-file>index.jsp</welcome-file>
    <welcome-file>default.html</welcome-file>
    <welcome-file>default.htm</welcome-file>
    <welcome-file>default.jsp</welcome-file>
  </welcome-file-list>
  <filter>
    <filter-name>LoginCheck</filter-name>
    <filter-class>com.filter.LoginCheckFilter</filter-class>
  </filter>
  <filter-mapping>
    <filter-name>LoginCheck</filter-name>
    <url-pattern>/days11/board/*</url-pattern>
  </filter-mapping>
  <filter>
    <filter-name>encodingFilter</filter-name>
    <filter-class>com.filter.CharacterEncodingFilter</filter-class>
  </filter>
  <filter-mapping>
    <filter-name>encodingFilter</filter-name>
    <url-pattern>/*</url-pattern>
  </filter-mapping>
  <resource-ref>
    <description>Oracle Datasource example</description>
    <res-ref-name>jdbc/myoracle</res-ref-name>
    <res-type>javax.sql.DataSource</res-type>
    <res-auth>Container</res-auth>
  </resource-ref>
  <servlet>
    <servlet-name>ControllerUsingURI</servlet-name>
    <servlet-class>days10.mvc.controller.ControllerUsingURI</servlet-class>
    <init-param>
      <param-name>configFile</param-name>
      <param-value>/WEB-INF/commandHandlerURI.properties</param-value>
    </init-param>
    <load-on-startup>1</load-on-startup>
  </servlet>
  <servlet-mapping>
    <servlet-name>ControllerUsingURI</servlet-name>
    <url-pattern>*.do</url-pattern>
  </servlet-mapping>
</web-app>